{"cameraMode":{"drawMode":0,"name":"Shaded","section":"Shading Mode"},"sceneLighting":true,"audioPlay":false,"sceneViewState":{"m_AlwaysRefresh":false,"showFog":true,"showSkybox":true,"showFlares":true,"showImageEffects":true,"showParticleSystems":true,"showVisualEffectGraphs":true,"m_FxEnabled":true},"in2DMode":false,"pivot":{"x":-6.698497772216797,"y":7.010725975036621,"z":14.026751518249512},"rotation":{"x":-0.16932402551174165,"y":-0.8116952180862427,"z":0.28621333837509158,"w":-0.48019489645957949},"size":6.0435333251953129,"orthographic":false}